,Title,Role,Rate,Indeed link,Apply link,Location
0,None,None,None,https://www.indeed.com/jobs?q=software%20QA%20testing&l=New+York%2C+NY&from=searchOnHP&start=0,None,None
1,"QA Engineer
- job post",None,None,https://www.indeed.com/jobs?q=software+QA+testing&l=New+York%2C+NY&from=searchOnHP&start=0&vjk=6c283688079de7a8,https://www.indeed.com/applystart?jk=da215d5dfdbc9f82&from=vj&pos=bottom&mvj=0&jobsearchTk=1h5htoig22gr5000&spon=0&sjdu=W_sxYrH0VX9kvAeEL2nehaUmTXs4URukPZ9upQ6kYAw&vjfrom=vjs&astse=76b3c994758ae102&assa=6272,"114 John St # 224NEW, New York, NY 10272"
2,"Software Test Engineer
- job post",None,4.1 out of 5 ,https://www.indeed.com/jobs?q=software+QA+testing&l=New+York%2C+NY&from=searchOnHP&start=0&vjk=6150bb9778190723,https://www.indeed.com/applystart?jk=6150bb9778190723&from=vj&pos=bottom&mvj=0&jobsearchTk=1h5htoig22gr5000&spon=0&sjdu=YmZE5d5THV8u75cuc0H6Y26AwfY51UOGmh3Z9h4OvXh-1Uf9SW9-7Lbq_0_ECGlEULY8luZ3vf8Ryj3D5QnPXg&vjfrom=vjs&astse=120dc6a0badcc445&assa=6453,"New York, NY•Hybrid remote"
3,"Lead Software Engineer - QA Engineer
- job post",- Full-time,3.9 out of 5 ,https://www.indeed.com/jobs?q=software+QA+testing&l=New+York%2C+NY&from=searchOnHP&start=0&vjk=9269e369e8d06fe9,https://www.indeed.com/applystart?jk=9269e369e8d06fe9&from=vj&pos=bottom&mvj=0&jobsearchTk=1h5htoig22gr5000&spon=0&sjdu=YmZE5d5THV8u75cuc0H6Y26AwfY51UOGmh3Z9h4OvXhRJmALLKRvKBeJQ1LDFHd8nUUKYs5yKqp3Fg7KgmoxhA&vjfrom=vjs&astse=618d5a99fa80eea9&assa=9460,"Manhattan, NY 10001"
4,"Jr. QA Engineer
- job post",Full-time,4 out of 5 ,https://www.indeed.com/jobs?q=software+QA+testing&l=New+York%2C+NY&from=searchOnHP&start=0&vjk=9269e369e8d06fe9,https://www.indeed.com/applystart?jk=4c7f46758dbb5f43&from=vj&pos=bottom&mvj=0&jobsearchTk=1h5htoig22gr5000&spon=0&sjdu=YmZE5d5THV8u75cuc0H6Y26AwfY51UOGmh3Z9h4OvXiVwmy6gHVhMc9bB1EVp_q4ULY8luZ3vf8Ryj3D5QnPXg&vjfrom=vjs&astse=86e5a7cfb0e6bab0&assa=4865,"New York, NY•Remote"
5,"Jr./Mid Level QA Analyst
- job post",Full-time,None,https://www.indeed.com/jobs?q=software+QA+testing&l=New+York%2C+NY&from=searchOnHP&start=0&vjk=4d156622f6bbc2b2,https://www.indeed.com/applystart?jk=4d156622f6bbc2b2&from=vj&pos=bottom&mvj=0&jobsearchTk=1h5htoig22gr5000&spon=0&sjdu=ViKThv1ypIBJ7HpcJKU4GPDSl9DX-ylbCpm4G5WMz1KXoMmvUuH-ylU3zPqWOu08uIj4yp6boH1eFRf9YmF9qg&vjfrom=vjs&astse=68da334c28c13723&assa=8828,"New York, NY"
6,"QA Engineer
- job post",- Full-time,None,https://www.indeed.com/jobs?q=software+QA+testing&l=New+York%2C+NY&from=searchOnHP&start=0&vjk=7189a1473248b993,https://www.indeed.com/applystart?jk=7189a1473248b993&from=vj&pos=bottom&mvj=0&jobsearchTk=1h5htoig22gr5000&spon=0&sjdu=YmZE5d5THV8u75cuc0H6Y26AwfY51UOGmh3Z9h4OvXhTlsZ5DJI9ModGeB7C6T8PULY8luZ3vf8Ryj3D5QnPXg&vjfrom=vjs&astse=ce7607118a7107ef&assa=9737,"New York, NY 10019•Hybrid remote"
7,"QA Lead – Dogfooding, Meta Reality Labs
- job post",None,4.1 out of 5 ,https://www.indeed.com/jobs?q=software+QA+testing&l=New+York%2C+NY&from=searchOnHP&start=0&vjk=afb0887c34646af5,https://www.indeed.com/applystart?jk=afb0887c34646af5&from=vj&pos=bottom&mvj=0&jobsearchTk=1h5htoig22gr5000&spon=0&sjdu=YmZE5d5THV8u75cuc0H6Y26AwfY51UOGmh3Z9h4OvXjkOJQWVUBoM32xUOBc2sgzpsjbKTpre7P5gvPU7rdPPQ&vjfrom=vjs&astse=d82954f9fa43fc13&assa=6214,"New York, NY"
8,"QA Lead
- job post",- Full-time,4.2 out of 5 ,https://www.indeed.com/jobs?q=software+QA+testing&l=New+York%2C+NY&from=searchOnHP&start=0&vjk=afb0887c34646af5,https://www.indeed.com/applystart?jk=9eb148f826f5cbe2&from=vj&pos=bottom&mvj=0&jobsearchTk=1h5htoig22gr5000&spon=0&sjdu=YmZE5d5THV8u75cuc0H6Y26AwfY51UOGmh3Z9h4OvXishkrAyp5TDJXjBOWv6fcBMIfcMu539kP3i1FMxIq2rA&vjfrom=vjs&astse=6ff6429ef347a0e9&assa=4983,"200 Central Park W, New York, NY 10024"
9,"QA Analyst (Hybrid)
- job post",- Full-time,3.9 out of 5 ,https://www.indeed.com/jobs?q=software+QA+testing&l=New+York%2C+NY&from=searchOnHP&start=0&vjk=9eb148f826f5cbe2,https://www.indeed.com/applystart?jk=cea8034c9d6bd6e0&from=vj&pos=bottom&mvj=0&jobsearchTk=1h5htoig22gr5000&spon=0&sjdu=YmZE5d5THV8u75cuc0H6Y26AwfY51UOGmh3Z9h4OvXidQw-Tb3R-OOqsB4LaMBTBwsdLqiuaGy5Gw05HfKNzLw&vjfrom=vjs&astse=89fee33ef7817d22&assa=7708,"Rutherford, NJ"
10,"Embedded Software Engineer, Connectivity - Reality Labs
- job post",None,4.1 out of 5 ,https://www.indeed.com/jobs?q=software+QA+testing&l=New+York%2C+NY&from=searchOnHP&start=0&vjk=e723f8298e231717,https://www.indeed.com/applystart?jk=e723f8298e231717&from=vj&pos=bottom&mvj=0&jobsearchTk=1h5htoig22gr5000&spon=0&sjdu=YmZE5d5THV8u75cuc0H6Y26AwfY51UOGmh3Z9h4OvXj6jzw0Yd247nY9T6FByHf1XEqzEHpaMck04qufWYB5sg&vjfrom=vjs&astse=707d553e9e5c03e3&assa=1523,"New York, NY"
11,"Testing and QA Lead
- job post",Full-time,3.8 out of 5 ,https://www.indeed.com/jobs?q=software+QA+testing&l=New+York%2C+NY&from=searchOnHP&start=0&vjk=3479dd0514b49f02,https://www.indeed.com/applystart?jk=3479dd0514b49f02&from=vj&pos=bottom&mvj=0&jobsearchTk=1h5htoig22gr5000&spon=0&sjdu=YmZE5d5THV8u75cuc0H6Y26AwfY51UOGmh3Z9h4OvXg8JD7dziNW9rbuWTJiDON2MIfcMu539kP3i1FMxIq2rA&vjfrom=vjs&astse=41166435ffb5d1d7&assa=9918,"800 Harbor Blvd, Weehawken, NJ 07086"
12,"Software Development Engineer in Testing - Algo Trading
- job post",- Full-time,4 out of 5 ,https://www.indeed.com/jobs?q=software+QA+testing&l=New+York%2C+NY&from=searchOnHP&start=0&vjk=4c167849c15a1d0e,https://www.indeed.com/applystart?jk=4c167849c15a1d0e&from=vj&pos=bottom&mvj=0&jobsearchTk=1h5htoig22gr5000&spon=0&sjdu=YmZE5d5THV8u75cuc0H6Y26AwfY51UOGmh3Z9h4OvXgS_deY11qeYrdUkDQVmq5xGQFsFDP3gSdjjHZnj9ZEfg&vjfrom=vjs&astse=e1194ef570910464&assa=4386,"New York, NY 10022"
13,"QA Engineer
- job post",None,4.2 out of 5 ,https://www.indeed.com/jobs?q=software+QA+testing&l=New+York%2C+NY&from=searchOnHP&start=0&vjk=4c167849c15a1d0e,https://www.indeed.com/applystart?jk=937b97b3a0b2ee8c&from=vj&pos=bottom&mvj=0&jobsearchTk=1h5htoig22gr5000&spon=0&sjdu=YmZE5d5THV8u75cuc0H6Y26AwfY51UOGmh3Z9h4OvXiiHoXCzBToL1c_BO75hxChkiS-2XS_43VyhyRGICpJaw&vjfrom=vjs&astse=b08464fc9f4b9703&assa=3202,"1330 6th Avenue, New York, NY"
14,"Software Quality Assurance Engineer, Automotive
- job post",- Full-time,3.5 out of 5 ,https://www.indeed.com/jobs?q=software+QA+testing&l=New+York%2C+NY&from=searchOnHP&start=0&vjk=6fee2870b4326075,https://www.indeed.com/applystart?jk=6fee2870b4326075&from=vj&pos=bottom&mvj=0&jobsearchTk=1h5htoig22gr5000&spon=0&sjdu=YmZE5d5THV8u75cuc0H6Y26AwfY51UOGmh3Z9h4OvXi3LlEpHbXgzVpX4NyKHlU8psjbKTpre7P5gvPU7rdPPQ&vjfrom=vjs&astse=579b6e451e89705c&assa=2116,"New York, NY"
15,"QA Engineering Lead, Meta Reality Labs
- job post",None,4.1 out of 5 ,https://www.indeed.com/jobs?q=software+QA+testing&l=New+York%2C+NY&from=searchOnHP&start=10&vjk=e3ab9a4f4aa0b5e6,https://www.indeed.com/applystart?jk=e3ab9a4f4aa0b5e6&from=vj&pos=bottom&mvj=0&jobsearchTk=1h5htunt2k6re800&spon=0&sjdu=YmZE5d5THV8u75cuc0H6Y26AwfY51UOGmh3Z9h4OvXjl_b39kBeKRRJe04_l8zMF-BhdrQogdzP3xc9-PmOQTQ&vjfrom=vjs&astse=90a63b7e2966dcf6&assa=7559,"New York, NY"
16,"QA Engineer
- job post",Full-time,4.5 out of 5 ,https://www.indeed.com/jobs?q=software+QA+testing&l=New+York%2C+NY&from=searchOnHP&start=10&vjk=c3c88872664bc451,https://www.indeed.com/applystart?jk=c3c88872664bc451&from=vj&pos=bottom&mvj=0&jobsearchTk=1h5htunt2k6re800&spon=0&sjdu=YmZE5d5THV8u75cuc0H6Y26AwfY51UOGmh3Z9h4OvXiPrwTcA1cU23IneIlxLCMZ2Lr7DfU83qy6ilMSvPFMEw&vjfrom=vjs&astse=80e904f92b0136dc&assa=6494,"New York, NY 10016"
17,"Mobile QA Engineer
- job post",- Full-time,4.2 out of 5 ,https://www.indeed.com/jobs?q=software+QA+testing&l=New+York%2C+NY&from=searchOnHP&start=10&vjk=fe16e4c1c4cad20a,https://www.indeed.com/applystart?jk=fe16e4c1c4cad20a&from=vj&pos=bottom&mvj=0&jobsearchTk=1h5htunt2k6re800&spon=0&sjdu=YmZE5d5THV8u75cuc0H6Y26AwfY51UOGmh3Z9h4OvXgPEGhhEI-mbMgt2ePOCMKr5Z_dA0xndw9ylAW4Hz2CAQ&vjfrom=vjs&astse=86b6dc05477c3363&assa=4348,"New York, NY•Hybrid remote"
18,"QA Automation Test Engineer
- job post",Full-time,3.3 out of 5 ,https://www.indeed.com/jobs?q=software+QA+testing&l=New+York%2C+NY&from=searchOnHP&start=10&vjk=fe16e4c1c4cad20a,https://www.indeed.com/applystart?jk=cd23026ff724aacb&from=vj&pos=bottom&mvj=0&jobsearchTk=1h5htunt2k6re800&spon=0&sjdu=YmZE5d5THV8u75cuc0H6Y26AwfY51UOGmh3Z9h4OvXg3QH906NzXk5EgoBJwfJY4XAwdulcUk0atwlDdDDqlBQ&vjfrom=vjs&astse=e44585db9b38471d&assa=4535,"New York, NY"
19,"QA (Mobile Application)
- job post",None,None,https://www.indeed.com/jobs?q=software+QA+testing&l=New+York%2C+NY&from=searchOnHP&start=10&vjk=2faeeacf58de38d1,https://www.indeed.com/applystart?jk=2faeeacf58de38d1&from=vj&pos=bottom&mvj=0&jobsearchTk=1h5htunt2k6re800&spon=0&sjdu=sRMkgO3hmPJMnhGeaasnOpRdlKRZsfp35QNJnDjQgvTO_XA2iijS_auLaIEOUci9&vjfrom=vjs&astse=34dc68661ec6c101&assa=7309,"230 Park Avenue, New York, NY 10169"
20,"Senior QA Engineer
- job post",None,3.2 out of 5 ,https://www.indeed.com/jobs?q=software+QA+testing&l=New+York%2C+NY&from=searchOnHP&start=10&vjk=052d9d38252936e0,https://www.indeed.com/applystart?jk=052d9d38252936e0&from=vj&pos=bottom&mvj=0&jobsearchTk=1h5htunt2k6re800&spon=0&sjdu=YmZE5d5THV8u75cuc0H6Y26AwfY51UOGmh3Z9h4OvXikCZEQZQTx_Tg24Roaa8AdwsdLqiuaGy5Gw05HfKNzLw&vjfrom=vjs&astse=1bb1476cf60a9ed2&assa=4152,"Yonkers, NY 10703•Hybrid remote"
21,"Software Development Engineer in Test
- job post",None,3.5 out of 5 ,https://www.indeed.com/jobs?q=software+QA+testing&l=New+York%2C+NY&from=searchOnHP&start=10&vjk=c238f68c1961d38b,https://www.indeed.com/applystart?jk=c238f68c1961d38b&from=vj&pos=bottom&mvj=0&jobsearchTk=1h5htunt2k6re800&spon=0&sjdu=YmZE5d5THV8u75cuc0H6Y26AwfY51UOGmh3Z9h4OvXjO20gQzDfwiJN9SfeWgo3DXAwdulcUk0atwlDdDDqlBQ&vjfrom=vjs&astse=35f392afad64a242&assa=8715,"Port Washington, NY•Remote"
22,"QA Automation Test Engineer
- job post",Full-time,1.9 out of 5 ,https://www.indeed.com/jobs?q=software+QA+testing&l=New+York%2C+NY&from=searchOnHP&start=10&vjk=6fe79fb0b57180fb,https://www.indeed.com/applystart?jk=6fe79fb0b57180fb&from=vj&pos=bottom&mvj=0&jobsearchTk=1h5htunt2k6re800&spon=0&sjdu=YmZE5d5THV8u75cuc0H6Y26AwfY51UOGmh3Z9h4OvXhE_88ZeIiaE7AcIN6JOLUkXAwdulcUk0atwlDdDDqlBQ&vjfrom=vjs&astse=0bb0b6d7b9ac6c07&assa=1312,"New York, NY"
23,"Quality Assurance (QA) Engineer
- job post",None,None,https://www.indeed.com/jobs?q=software+QA+testing&l=New+York%2C+NY&from=searchOnHP&start=10&vjk=8e21aab9567bec8d,https://www.indeed.com/applystart?jk=8e21aab9567bec8d&from=vj&pos=bottom&mvj=0&jobsearchTk=1h5htunt2k6re800&spon=0&sjdu=YmZE5d5THV8u75cuc0H6Y26AwfY51UOGmh3Z9h4OvXiDBI8wpD7LxWFpAaiqkkKCQPTx7ack05kPwIeOSvQquQ&vjfrom=vjs&astse=29df8a77fcdfa300&assa=5440,"New York, NY"
24,"Mobile QA Analyst
- job post",- Full-time,3.6 out of 5 ,https://www.indeed.com/jobs?q=software+QA+testing&l=New+York%2C+NY&from=searchOnHP&start=10&vjk=8e21aab9567bec8d,https://www.indeed.com/applystart?jk=79abe1dea7c20ae0&from=vj&pos=bottom&mvj=0&jobsearchTk=1h5htunt2k6re800&spon=0&sjdu=YmZE5d5THV8u75cuc0H6Y26AwfY51UOGmh3Z9h4OvXiiZMG9k6GRVl1iXgEuPDDjwsdLqiuaGy5Gw05HfKNzLw&vjfrom=vjs&astse=3792685716c6a588&assa=9360,"New York, NY 10036•Hybrid remote"
25,"Lead Engineer, Quality Assurance
- job post",- Full-time,3.6 out of 5 ,https://www.indeed.com/jobs?q=software+QA+testing&l=New+York%2C+NY&from=searchOnHP&start=10&vjk=79abe1dea7c20ae0,https://www.indeed.com/applystart?jk=2cd95d9c2baa9b24&from=vj&pos=bottom&mvj=0&jobsearchTk=1h5htunt2k6re800&spon=0&sjdu=YmZE5d5THV8u75cuc0H6Y26AwfY51UOGmh3Z9h4OvXjNHhT9_iCf3l2odSK2Cm5IIv02HSGSZoWequxOEmCHqw&vjfrom=vjs&astse=f342809e8a69755a&assa=3109,"1221 Ave Of The Americas, New York, NY 10019"
26,"Software Dev Engineer II-TEST, Automotive
- job post",- Full-time,3.5 out of 5 ,https://www.indeed.com/jobs?q=software+QA+testing&l=New+York%2C+NY&from=searchOnHP&start=10&vjk=2cd95d9c2baa9b24,https://www.indeed.com/applystart?jk=90ade1169ba0f7e1&from=vj&pos=bottom&mvj=0&jobsearchTk=1h5htunt2k6re800&spon=0&sjdu=YmZE5d5THV8u75cuc0H6Y26AwfY51UOGmh3Z9h4OvXiHY0Zvmlr3g895lYK05xli2Lr7DfU83qy6ilMSvPFMEw&vjfrom=vjs&astse=0206ca869e335549&assa=5869,"New York, NY"
27,"Sr. Software QA Engineer
- job post",None,3.4 out of 5 ,https://www.indeed.com/jobs?q=software+QA+testing&l=New+York%2C+NY&from=searchOnHP&start=10&vjk=d6778d1ede91029d,https://www.indeed.com/applystart?jk=d6778d1ede91029d&from=vj&pos=bottom&mvj=0&jobsearchTk=1h5htunt2k6re800&spon=0&sjdu=YmZE5d5THV8u75cuc0H6Y26AwfY51UOGmh3Z9h4OvXjOYWR6N6jS3xeAUPjPKU6NQPTx7ack05kPwIeOSvQquQ&vjfrom=vjs&astse=4c28b6eacc205a42&assa=1914,"New York, NY•Hybrid remote"
28,"Services QA Engineer
- job post",None,3.8 out of 5 ,https://www.indeed.com/jobs?q=software+QA+testing&l=New+York%2C+NY&from=searchOnHP&start=10&vjk=cab3e3e81f429dac,https://www.indeed.com/applystart?jk=cab3e3e81f429dac&from=vj&pos=bottom&mvj=0&jobsearchTk=1h5htunt2k6re800&spon=0&sjdu=YmZE5d5THV8u75cuc0H6Y26AwfY51UOGmh3Z9h4OvXgM3WkMW8VRLtk2qZsqs8hJkiS-2XS_43VyhyRGICpJaw&vjfrom=vjs&astse=153c36fb3b321ba2&assa=7865,"New York, NY"
29,"Engineer II, QA Engineering
- job post",None,3.9 out of 5 ,https://www.indeed.com/jobs?q=software+QA+testing&l=New+York%2C+NY&from=searchOnHP&start=10&vjk=59b87b637f108b15,https://www.indeed.com/applystart?jk=59b87b637f108b15&from=vj&pos=bottom&mvj=0&jobsearchTk=1h5htunt2k6re800&spon=0&sjdu=YmZE5d5THV8u75cuc0H6Y26AwfY51UOGmh3Z9h4OvXgqqo10uRK3JaJl-nsyzJEtpsjbKTpre7P5gvPU7rdPPQ&vjfrom=vjs&astse=4cf7625905580e92&assa=8267,"55 Water Street, New York, NY 10004"
30,"Senior Software Development Engineer in Test
- job post",- Full-time,3.7 out of 5 ,https://www.indeed.com/jobs?q=software+QA+testing&l=New+York%2C+NY&from=searchOnHP&start=20&vjk=bca9296f0cd1ce36,https://www.indeed.com/applystart?jk=bca9296f0cd1ce36&from=vj&pos=bottom&mvj=0&jobsearchTk=1h5hu3o9mk6r0801&spon=0&sjdu=YmZE5d5THV8u75cuc0H6Y26AwfY51UOGmh3Z9h4OvXj8fCxsLvmjPNpd1P9BytPA-BhdrQogdzP3xc9-PmOQTQ&vjfrom=vjs&astse=8c0e8920fda315f4&assa=9926,"New York, NY"
31,"QA Analyst
- job post",None,None,https://www.indeed.com/jobs?q=software+QA+testing&l=New+York%2C+NY&from=searchOnHP&start=20&vjk=c85dc5223a11f1a8,https://www.indeed.com/applystart?jk=c85dc5223a11f1a8&from=vj&pos=bottom&mvj=0&jobsearchTk=1h5hu3o9mk6r0801&spon=0&sjdu=YmZE5d5THV8u75cuc0H6Y26AwfY51UOGmh3Z9h4OvXjVf6s4BbbPGncBpUSNhlZGl8EZNoFLzyHkpvcd7-Y9bg&vjfrom=vjs&astse=4185809f50ca8bc2&assa=6046,"Edison, NJ 08817•Remote"
32,"Sr. QA Engineer (Application Testing)-SuccessFactors
- job post",- Full-time,3.6 out of 5 ,https://www.indeed.com/jobs?q=software+QA+testing&l=New+York%2C+NY&from=searchOnHP&start=20&vjk=90d42bbbeb74f3ec,https://www.indeed.com/applystart?jk=90d42bbbeb74f3ec&from=vj&pos=bottom&mvj=0&jobsearchTk=1h5hu3o9mk6r0801&spon=0&sjdu=YmZE5d5THV8u75cuc0H6Y26AwfY51UOGmh3Z9h4OvXhyOjV3-_2MMScmx2kH6FckkiS-2XS_43VyhyRGICpJaw&vjfrom=vjs&astse=a6877db3262b0823&assa=9748,"New York, NY 10007"
33,"QA Automation Engineer
- job post",Full-time,3 out of 5 ,https://www.indeed.com/jobs?q=software+QA+testing&l=New+York%2C+NY&from=searchOnHP&start=20&vjk=fd15473ee3078b3d,https://www.indeed.com/applystart?jk=fd15473ee3078b3d&from=vj&pos=bottom&mvj=0&jobsearchTk=1h5hu3o9mk6r0801&spon=0&sjdu=YmZE5d5THV8u75cuc0H6Y26AwfY51UOGmh3Z9h4OvXgLevUsHtjZgrvMrHraH22eQPTx7ack05kPwIeOSvQquQ&vjfrom=vjs&astse=63d04a0821024dd8&assa=2102,"New York, NY"
34,"Senior Software Engineer
- job post",- Full-time,3.7 out of 5 ,https://www.indeed.com/jobs?q=software+QA+testing&l=New+York%2C+NY&from=searchOnHP&start=20&vjk=f4089edf1b6ad089,https://www.indeed.com/applystart?jk=f4089edf1b6ad089&from=vj&pos=bottom&mvj=0&jobsearchTk=1h5hu3o9mk6r0801&spon=0&sjdu=YmZE5d5THV8u75cuc0H6Y26AwfY51UOGmh3Z9h4OvXj2Qe-mzbpT1Bg1_mG90ozQnUUKYs5yKqp3Fg7KgmoxhA&vjfrom=vjs&astse=8f0e943ab9679228&assa=804,"934 Route 35 South, Middletown, NJ 07748"
35,"Lead Engineer, Quality Assurance
- job post",- Full-time,3.6 out of 5 ,https://www.indeed.com/jobs?q=software+QA+testing&l=New+York%2C+NY&from=searchOnHP&start=20&vjk=2cd95d9c2baa9b24,https://www.indeed.com/applystart?jk=2cd95d9c2baa9b24&from=vj&pos=bottom&mvj=0&jobsearchTk=1h5hu3o9mk6r0801&spon=0&sjdu=YmZE5d5THV8u75cuc0H6Y26AwfY51UOGmh3Z9h4OvXjNHhT9_iCf3l2odSK2Cm5IIv02HSGSZoWequxOEmCHqw&vjfrom=vjs&astse=135b884955f6c2e9&assa=7353,"1221 Ave Of The Americas, New York, NY 10019"
36,"Quality Engineer II
- job post",None,3.9 out of 5 ,https://www.indeed.com/jobs?q=software+QA+testing&l=New+York%2C+NY&from=searchOnHP&start=20&vjk=d30f07bcd58486da,https://www.indeed.com/applystart?jk=d30f07bcd58486da&from=vj&pos=bottom&mvj=0&jobsearchTk=1h5hu3o9mk6r0801&spon=0&sjdu=YmZE5d5THV8u75cuc0H6Y26AwfY51UOGmh3Z9h4OvXjlVRhHqmPw4Qq9OD12C_6-5Z_dA0xndw9ylAW4Hz2CAQ&vjfrom=vjs&astse=943750a86f4ba266&assa=7894,"55 Water Street, New York, NY 10004"
37,"QA Test Automation Engineer
- job post",None,None,https://www.indeed.com/jobs?q=software+QA+testing&l=New+York%2C+NY&from=searchOnHP&start=20&vjk=7bbf5fb878d54cf8,https://www.indeed.com/applystart?jk=7bbf5fb878d54cf8&from=vj&pos=bottom&mvj=0&jobsearchTk=1h5hu3o9mk6r0801&spon=0&sjdu=YmZE5d5THV8u75cuc0H6Y26AwfY51UOGmh3Z9h4OvXjsAfqLBLG7WFtmkadS3Z4ql8EZNoFLzyHkpvcd7-Y9bg&vjfrom=vjs&astse=e9d0ca554b05bf21&assa=3548,"Brooklyn, NY"
38,"Senior QA Engineer
- job post",None,3.2 out of 5 ,https://www.indeed.com/jobs?q=software+QA+testing&l=New+York%2C+NY&from=searchOnHP&start=20&vjk=052d9d38252936e0,https://www.indeed.com/applystart?jk=052d9d38252936e0&from=vj&pos=bottom&mvj=0&jobsearchTk=1h5hu3o9mk6r0801&spon=0&sjdu=YmZE5d5THV8u75cuc0H6Y26AwfY51UOGmh3Z9h4OvXikCZEQZQTx_Tg24Roaa8AdwsdLqiuaGy5Gw05HfKNzLw&vjfrom=vjs&astse=7451064e0d71bc27&assa=7178,"Yonkers, NY 10703•Hybrid remote"
39,"QA Automation Sr Engineer
- job post",None,None,https://www.indeed.com/jobs?q=software+QA+testing&l=New+York%2C+NY&from=searchOnHP&start=20&vjk=85619e741000261c,https://www.indeed.com/applystart?jk=85619e741000261c&from=vj&pos=bottom&mvj=0&jobsearchTk=1h5hu3o9mk6r0801&spon=0&sjdu=bPGfePIvreh2BcZDBRW-9EI3rg1OyW1_exgh2uw_eRw&vjfrom=vjs&astse=05cc9b9f52005f5b&assa=602,"3 Columbus Cir 15th FL, New York, NY 10019"
40,"QA Automation Engineer
- job post",None,None,https://www.indeed.com/jobs?q=software+QA+testing&l=New+York%2C+NY&from=searchOnHP&start=20&vjk=85619e741000261c,https://www.indeed.com/applystart?jk=6a5c66a13754f7ae&from=vj&pos=bottom&mvj=0&jobsearchTk=1h5hu3o9mk6r0801&spon=0&sjdu=rAQBScOXSSZXtmxmg5dF1aorjvgcHtM63ndmCDVdzKoVBDoHT6ClqY9scI2ahURe&vjfrom=vjs&astse=11be0a1fbf5dfa47&assa=9546,"483 Chestnut Street, Cedarhurst, NY 11516"
41,"QA Analyst
- job post",Full-time,None,https://www.indeed.com/jobs?q=software+QA+testing&l=New+York%2C+NY&from=searchOnHP&start=20&vjk=2c345fa7e72e1306,https://www.indeed.com/applystart?jk=2c345fa7e72e1306&from=vj&pos=bottom&mvj=0&jobsearchTk=1h5hu3o9mk6r0801&spon=0&sjdu=YmZE5d5THV8u75cuc0H6Y26AwfY51UOGmh3Z9h4OvXhVfkbsuX2cD5BIRqCaxXhl-BhdrQogdzP3xc9-PmOQTQ&vjfrom=vjs&astse=4bcdd5f8e431ffa7&assa=535,"Woodbridge, NJ"
42,"General QA for Toshiba
- job post",None,None,https://www.indeed.com/jobs?q=software+QA+testing&l=New+York%2C+NY&from=searchOnHP&start=20&vjk=5ae64f89884a0e5c,https://www.indeed.com/applystart?jk=5ae64f89884a0e5c&from=vj&pos=bottom&mvj=0&jobsearchTk=1h5hu3o9mk6r0801&spon=0&sjdu=YmZE5d5THV8u75cuc0H6Y26AwfY51UOGmh3Z9h4OvXgkE9b1hkmAomaPzSrWLwwikiS-2XS_43VyhyRGICpJaw&vjfrom=vjs&astse=af8768fa27ea9542&assa=7157,"Brooklyn, NY"
43,"QA Associate Director – Technology Specialist II – REMOTE - Digital and Technology Partners
- job post",None,3.7 out of 5 ,https://www.indeed.com/jobs?q=software+QA+testing&l=New+York%2C+NY&from=searchOnHP&start=20&vjk=16dbc60ebd3c2843,https://www.indeed.com/applystart?jk=16dbc60ebd3c2843&from=vj&pos=bottom&mvj=0&jobsearchTk=1h5hu3o9mk6r0801&spon=0&sjdu=YmZE5d5THV8u75cuc0H6Y26AwfY51UOGmh3Z9h4OvXgfY1EsuYrKWQ2bnLcFStqjULY8luZ3vf8Ryj3D5QnPXg&vjfrom=vjs&astse=25fa0fd85afeb414&assa=3088,"New York, NY 10017•Remote"
44,"Lead QA Engineer
- job post",- Full-time,3.3 out of 5 ,https://www.indeed.com/jobs?q=software+QA+testing&l=New+York%2C+NY&from=searchOnHP&start=20&vjk=16dbc60ebd3c2843,https://www.indeed.com/applystart?jk=cb30dcf8b028c202&from=vj&pos=bottom&mvj=0&jobsearchTk=1h5hu3o9mk6r0801&spon=0&sjdu=YmZE5d5THV8u75cuc0H6Y26AwfY51UOGmh3Z9h4OvXhF8u6Z5CmX5qF14LRFwk16MIfcMu539kP3i1FMxIq2rA&vjfrom=vjs&astse=f23b89a2c15c988d&assa=2128,"875 3rd Ave, New York, NY 10022"
45,"QA Automation Engineer
- job post",Full-time,3 out of 5 ,https://www.indeed.com/jobs?q=software+QA+testing&l=New+York%2C+NY&from=searchOnHP&start=30&vjk=fd15473ee3078b3d,https://www.indeed.com/applystart?jk=fd15473ee3078b3d&from=vj&pos=bottom&mvj=0&jobsearchTk=1h5hu9ku0jqvd800&spon=0&sjdu=YmZE5d5THV8u75cuc0H6Y26AwfY51UOGmh3Z9h4OvXgLevUsHtjZgrvMrHraH22eQPTx7ack05kPwIeOSvQquQ&vjfrom=vjs&astse=423a18a152a98758&assa=1098,"New York, NY"
46,"Quality Engineer II
- job post",None,3.9 out of 5 ,https://www.indeed.com/jobs?q=software+QA+testing&l=New+York%2C+NY&from=searchOnHP&start=30&vjk=d30f07bcd58486da,https://www.indeed.com/applystart?jk=d30f07bcd58486da&from=vj&pos=bottom&mvj=0&jobsearchTk=1h5hu9ku0jqvd800&spon=0&sjdu=YmZE5d5THV8u75cuc0H6Y26AwfY51UOGmh3Z9h4OvXjlVRhHqmPw4Qq9OD12C_6-5Z_dA0xndw9ylAW4Hz2CAQ&vjfrom=vjs&astse=e30e3806dcc76b6c&assa=4312,"55 Water Street, New York, NY 10004"
47,"QA Engineer
- job post",Full-time,4.5 out of 5 ,https://www.indeed.com/jobs?q=software+QA+testing&l=New+York%2C+NY&from=searchOnHP&start=30&vjk=c3c88872664bc451,https://www.indeed.com/applystart?jk=c3c88872664bc451&from=vj&pos=bottom&mvj=0&jobsearchTk=1h5hu9ku0jqvd800&spon=0&sjdu=YmZE5d5THV8u75cuc0H6Y26AwfY51UOGmh3Z9h4OvXiPrwTcA1cU23IneIlxLCMZ2Lr7DfU83qy6ilMSvPFMEw&vjfrom=vjs&astse=cf3b8090fa8f327b&assa=8423,"New York, NY 10016"
48,"Lead QA Engineer
- job post",None,3.4 out of 5 ,https://www.indeed.com/jobs?q=software+QA+testing&l=New+York%2C+NY&from=searchOnHP&start=30&vjk=c3c88872664bc451,https://www.indeed.com/applystart?jk=f3bbedf8fc7daae9&from=vj&pos=bottom&mvj=0&jobsearchTk=1h5hu9ku0jqvd800&spon=0&sjdu=YmZE5d5THV8u75cuc0H6Y26AwfY51UOGmh3Z9h4OvXhKC-tAJ20LMk7L6yJcdstvnUUKYs5yKqp3Fg7KgmoxhA&vjfrom=vjs&astse=98dee6f70102dd8a&assa=7098,"730 3rd Ave, New York, NY 10017"
49,"Sr. QA Analyst I
- job post",None,None,https://www.indeed.com/jobs?q=software+QA+testing&l=New+York%2C+NY&from=searchOnHP&start=30&vjk=9c9834fb3ebdfe51,https://www.indeed.com/applystart?jk=9c9834fb3ebdfe51&from=vj&pos=bottom&mvj=0&jobsearchTk=1h5hu9ku0jqvd800&spon=0&sjdu=rSBS3USA1YkLrxbS4_XwTWvxpguU8jL8_zBNNvvWqLh2NsR73kB7fMhn9nPVxx7k9q8Kd1yEBcqRGTP-anc82w&vjfrom=vjs&astse=22f29d62e0b7b2c4&assa=2009,"4041 Hadley Road, South Plainfield, NJ 07080"
50,"Sr QA Engineer, Product Engineering, FedRamp (Xpanse)
- job post",- Full-time,3.8 out of 5 ,https://www.indeed.com/jobs?q=software+QA+testing&l=New+York%2C+NY&from=searchOnHP&start=30&vjk=509a682db74301bc,https://www.indeed.com/applystart?jk=509a682db74301bc&from=vj&pos=bottom&mvj=0&jobsearchTk=1h5hu9ku0jqvd800&spon=0&sjdu=YmZE5d5THV8u75cuc0H6Y26AwfY51UOGmh3Z9h4OvXioytoWXc-sD1_jVKsROdN0kiS-2XS_43VyhyRGICpJaw&vjfrom=vjs&astse=374ebe1d650cfa17&assa=4699,"New York, NY•Hybrid remote"
51,"QA Automation Engineer
- job post",None,None,https://www.indeed.com/jobs?q=software+QA+testing&l=New+York%2C+NY&from=searchOnHP&start=30&vjk=e444dd43011c11eb,https://www.indeed.com/applystart?jk=e444dd43011c11eb&from=vj&pos=bottom&mvj=0&jobsearchTk=1h5hu9ku0jqvd800&spon=0&sjdu=YmZE5d5THV8u75cuc0H6Y26AwfY51UOGmh3Z9h4OvXhSUbCBxMC8Y5_VbNJOSLdKXAwdulcUk0atwlDdDDqlBQ&vjfrom=vjs&astse=cd06ccdc22b6663b&assa=5888,"Jersey City, NJ"
52,"QA Lead
- job post",None,None,https://www.indeed.com/jobs?q=software+QA+testing&l=New+York%2C+NY&from=searchOnHP&start=30&vjk=0b155406f7f041fc,https://www.indeed.com/applystart?jk=0b155406f7f041fc&from=vj&pos=bottom&mvj=0&jobsearchTk=1h5hu9ku0jqvd800&spon=0&sjdu=NBbCvb5laPl7GaFz6d2KRhvEB6E-tKl2y4MLUG-5fHA&vjfrom=vjs&astse=d5c5a024b4d8e533&assa=267,"New York, NY"
53,"QA Automation Engineer/Developer
- job post",- Full-time,3.4 out of 5 ,https://www.indeed.com/jobs?q=software+QA+testing&l=New+York%2C+NY&from=searchOnHP&start=30&vjk=45d182984dd2a3b9,https://www.indeed.com/applystart?jk=45d182984dd2a3b9&from=vj&pos=bottom&mvj=0&jobsearchTk=1h5hu9ku0jqvd800&spon=0&sjdu=YmZE5d5THV8u75cuc0H6Y26AwfY51UOGmh3Z9h4OvXjmTJz0M7A_2zOMp9ee0MQjnUUKYs5yKqp3Fg7KgmoxhA&vjfrom=vjs&astse=a42414291d35aff4&assa=5664,"277 Park Avenue, New York, NY 11205"
54,"Lead Software Engineer
- job post",None,3.9 out of 5 ,https://www.indeed.com/jobs?q=software+QA+testing&l=New+York%2C+NY&from=searchOnHP&start=30&vjk=6f1420e25f7dd2f0,https://www.indeed.com/applystart?jk=6f1420e25f7dd2f0&from=vj&pos=bottom&mvj=0&jobsearchTk=1h5hu9ku0jqvd800&spon=0&sjdu=YmZE5d5THV8u75cuc0H6Y26AwfY51UOGmh3Z9h4OvXhP5EkLKWvihkMQ4Q_tlkxbwsdLqiuaGy5Gw05HfKNzLw&vjfrom=vjs&astse=9045520d921902ac&assa=5881,"55 Water Street, New York, NY 10004"
55,"Senior Quality Assurance Tester
- job post",None,None,https://www.indeed.com/jobs?q=software+QA+testing&l=New+York%2C+NY&from=searchOnHP&start=30&vjk=49d1d52d99d396d6,https://www.indeed.com/applystart?jk=49d1d52d99d396d6&from=vj&pos=bottom&mvj=0&jobsearchTk=1h5hu9ku0jqvd800&spon=0&sjdu=ViKThv1ypIBJ7HpcJKU4GPDSl9DX-ylbCpm4G5WMz1KXoMmvUuH-ylU3zPqWOu08uIj4yp6boH1eFRf9YmF9qg&vjfrom=vjs&astse=80be3366319af95c&assa=3236,"New York, NY"
56,"QA Retail Senior Analyst M/F
- job post",None,None,https://www.indeed.com/jobs?q=software+QA+testing&l=New+York%2C+NY&from=searchOnHP&start=30&vjk=e424c73047fe3725,https://www.indeed.com/applystart?jk=e424c73047fe3725&from=vj&pos=bottom&mvj=0&jobsearchTk=1h5hu9ku0jqvd800&spon=0&sjdu=YmZE5d5THV8u75cuc0H6Y26AwfY51UOGmh3Z9h4OvXhO-h6fMXKjaAWn95WMAcW1psjbKTpre7P5gvPU7rdPPQ&vjfrom=vjs&astse=de1dbefb5c1c705d&assa=902,"New York, NY"
57,"QA Engineer (Automation)
- job post",- Full-time,3.6 out of 5 ,https://www.indeed.com/jobs?q=software+QA+testing&l=New+York%2C+NY&from=searchOnHP&start=30&vjk=e424c73047fe3725,https://www.indeed.com/applystart?jk=267466fee748e927&from=vj&pos=bottom&mvj=0&jobsearchTk=1h5hu9ku0jqvd800&spon=0&sjdu=YmZE5d5THV8u75cuc0H6Y26AwfY51UOGmh3Z9h4OvXjJpdBpu2DeAsJAKU-w_ir0XEqzEHpaMck04qufWYB5sg&vjfrom=vjs&astse=9144458330104934&assa=6791,"New York, NY 10001"
58,"QA ENGINEER
- job post",None,None,https://www.indeed.com/jobs?q=software+QA+testing&l=New+York%2C+NY&from=searchOnHP&start=30&vjk=dcf1114908f00a0b,https://www.indeed.com/applystart?jk=dcf1114908f00a0b&from=vj&pos=bottom&mvj=0&jobsearchTk=1h5hu9ku0jqvd800&spon=0&sjdu=YmZE5d5THV8u75cuc0H6Y26AwfY51UOGmh3Z9h4OvXg2qkFVTz9PO94LJWqMgdnnXAwdulcUk0atwlDdDDqlBQ&vjfrom=vjs&astse=63dfca8a84c2a4f1&assa=3702,"517 US Highway 1 S Ste 1116, Iselin, NJ 08830"
59,"Lead Software Engineer (contract)
- job post",Contract,3.7 out of 5 ,https://www.indeed.com/jobs?q=software+QA+testing&l=New+York%2C+NY&from=searchOnHP&start=30&vjk=dcf1114908f00a0b,https://www.indeed.com/applystart?jk=b78c9c0a2d729f04&from=vj&pos=bottom&mvj=0&jobsearchTk=1h5hu9ku0jqvd800&spon=0&sjdu=YmZE5d5THV8u75cuc0H6Y26AwfY51UOGmh3Z9h4OvXhF5HMAkZ3Y7heRrwFfuy3lIv02HSGSZoWequxOEmCHqw&vjfrom=vjs&astse=d10bf9cda3529ca6&assa=5931,"New York, NY"
